name	nodes
John Street	/n/4444.5555.333333333,/n/5555.6666.333333333
Wyoming Road	/n/1111.2222.333333333,/n/3333.4444.333333333
Wyoming Street	/n/3333.4444.333333333,/n/4444.5555.333333333
